{"name":"ad6cd7f2-8509-4bc0-9152-aa86c08571df","id":"/providers/Microsoft.Flow/flows/ad6cd7f2-8509-4bc0-9152-aa86c08571df","type":"Microsoft.Flow/flows","properties":{"apiId":"/providers/Microsoft.PowerApps/apis/shared_logicflows","displayName":"CSVファイルの読み込み","definition":{"metadata":{"workflowEntityId":null,"processAdvisorMetadata":null,"flowChargedByPaygo":null,"flowclientsuspensionreason":"None","flowclientsuspensiontime":null,"flowclientsuspensionreasondetails":null,"creator":{"id":"dbcac1d6-1cee-48cd-9dc2-2accbd63df8b","type":"User","tenantId":"e9f1477c-aa3c-4064-a70a-3309ddf612ac"},"provisioningMethod":"FromDefinition","failureAlertSubscription":true,"clientLastModifiedTime":"2023-12-17T09:47:19.9299303Z","connectionKeySavedTimeKey":"2023-12-17T09:47:19.9299303Z"},"$schema":"https://schema.management.azure.com/providers/Microsoft.Logic/schemas/2016-06-01/workflowdefinition.json#","contentVersion":"undefined","parameters":{"$authentication":{"defaultValue":{},"type":"SecureObject"}},"triggers":{"manual":{"metadata":{"operationMetadataId":"5225f5a3-f223-4b0e-bbb7-307ca0cc05f1"},"type":"Request","kind":"Button","inputs":{"schema":{"type":"object","properties":{"file":{"description":"CSVファイルを選択してください","title":"CSVFile","type":"object","properties":{"name":{"type":"string"},"contentBytes":{"type":"string","format":"byte"}},"x-ms-content-hint":"FILE","x-ms-dynamically-added":true}},"required":["file"]}}}},"actions":{"入力ファイル":{"runAfter":{},"metadata":{"operationMetadataId":"505b5a11-5aeb-400d-9782-7fb90ac8b333"},"type":"Compose","inputs":"@decodeBase64(triggerBody()?['file']?['contentBytes'])","description":"decodeBase64(triggerBody()?['file']?['contentBytes'])"},"Apply_to_each":{"foreach":"@split(outputs('入力ファイル'), decodeUriComponent('%0D%0A'))","actions":{"変数の値を増やす":{"runAfter":{"ヘッダー（先頭）行と空行をスキップしてデータ行のみ読み込む":["Succeeded"]},"metadata":{"operationMetadataId":"2d255b04-31e6-48e2-9f5b-92314c04742a"},"type":"IncrementVariable","inputs":{"name":"行番号","value":1}},"ヘッダー（先頭）行と空行をスキップしてデータ行のみ読み込む":{"actions":{"Column1":{"runAfter":{},"metadata":{"operationMetadataId":"f8740a15-7fe9-4888-b7b0-609340149e19"},"type":"Compose","inputs":"@last(take(split(items('Apply_to_each'), ','), 1))","description":"last(take(split(items('Apply_to_each'), ','), 1))"},"Column2":{"runAfter":{"Column1":["Succeeded"]},"metadata":{"operationMetadataId":"70be8c82-cb23-4ae5-8969-b813389cc6fb"},"type":"Compose","inputs":"@last(take(split(items('Apply_to_each'), ','), 2))","description":"last(take(split(items('Apply_to_each'), ','), 2))"},"Column3":{"runAfter":{"Column2":["Succeeded"]},"metadata":{"operationMetadataId":"e9785879-bafe-400d-80f8-130e486a3864"},"type":"Compose","inputs":"@last(take(split(items('Apply_to_each'), ','), 3))","description":"last(take(split(items('Apply_to_each'), ','), 3))"},"読み込み結果":{"runAfter":{"Column3":["Succeeded"]},"metadata":{"operationMetadataId":"f7055c0d-c16c-46c5-bada-ab91f19c218e"},"type":"Compose","inputs":"@{outputs('Column1')};@{outputs('Column2')};@{outputs('Column3')}"}},"runAfter":{},"expression":{"and":[{"greater":["@variables('行番号')",1]},{"not":{"equals":["@items('Apply_to_each')",""]}}]},"metadata":{"operationMetadataId":"b9164e5c-f550-44f4-9a41-ff9ff50cd3d9"},"type":"If"}},"runAfter":{"変数を初期化する":["Succeeded"]},"metadata":{"operationMetadataId":"95bef74e-8d18-4985-8f36-c4ea392ab4c4"},"type":"Foreach","description":"split(outputs('入力ファイル'), decodeUriComponent('%0D%0A'))"},"変数を初期化する":{"runAfter":{"入力ファイル":["Succeeded"]},"metadata":{"operationMetadataId":"5661db82-c943-4b2a-bc53-0f45b34b6325"},"type":"InitializeVariable","inputs":{"variables":[{"name":"行番号","type":"integer","value":1}]}}}},"connectionReferences":{},"flowFailureAlertSubscribed":false,"isManaged":false}}